subreddit,query,sort,timeframe,last_searched,notes
LearnJapanese,kindle reading,new,month,2026-04-04,Kindle+日本語読書
LearnJapanese,book novel reading,new,week,2026-04-04,本・小説の話題
LightNovels,japanese translation kindle,new,month,2026-04-04,翻訳+Kindle
LightNovels,untranslated read,new,month,2026-04-04,未翻訳作品
kindle,japanese,new,month,2026-04-04,日本語Kindleユーザー
languagelearning,japanese book kindle read,new,month,2026-04-04,日本語学習+読書
jlpt,kindle reading,new,month,2026-04-04,JLPT受験者の読書
ereader,japanese,new,month,2026-04-04,電子書籍+日本語
xteinkereader,japanese,new,year,2026-04-04,eReaderニッチ層
HonzukiNoGekokujou,translation MTL,new,year,2026-04-04,本好きの下剋上ファン
